<?xml version="1.0" encoding="UTF-8"?>
<project-private xmlns="http://www.netbeans.org/ns/project-private/1">
    <editor-bookmarks xmlns="http://www.netbeans.org/ns/editor-bookmarks/2" lastBookmarkId="1">
        <file>
            <url>src/java/Entities/Log.java</url>
            <bookmark id="1">
                <name/>
                <line>0</line>
                <key/>
            </bookmark>
        </file>
    </editor-bookmarks>
    <open-files xmlns="http://www.netbeans.org/ns/projectui-open-files/2">
        <group>
            <file>file:/G:/COMP1610Prototype/BasicTaxi/src/java/Hibernate/HibernateSingleton.java</file>
            <file>file:/G:/COMP1610Prototype/BasicTaxi/src/java/login.java</file>
            <file>file:/G:/COMP1610Prototype/BasicTaxi/src/java/WebService/TaxiService.java</file>
            <file>file:/G:/COMP1610Prototype/BasicTaxi/web/index.jsp</file>
            <file>file:/G:/COMP1610Prototype/BasicTaxi/test/DriverTest.java</file>
        </group>
    </open-files>
</project-private>
