<?xml version='1.0' encoding='utf-8'?>
<!DOCTYPE hibernate-configuration PUBLIC
        "-//Hibernate/Hibernate Configuration DTD 3.0//EN"
        "http://hibernate.sourceforge.net/hibernate-configuration-3.0.dtd">
<hibernate-configuration>
    <session-factory>
        <property name="hibernate.dialect">org.hibernate.dialect.DerbyDialect</property>
        <property name="hibernate.connection.driver_class">org.apache.derby.jdbc.ClientDriver</property>
        <property name="hibernate.connection.url">jdbc:derby://localhost:1527/taxi</property>
        <property name="hibernate.connection.username">database</property>
        <property name="hibernate.connection.password">password</property>
    
        <!-- JDBC connection pool (use the built-in) -->
        <property name="hibernate.connection.pool_size">1</property>
 
        <!-- Drop and re-create database schema on startup -->
        <property name="hibernate.hbm2ddl.auto">update</property>
    
        <!--Echo all executed SQL to stdout -->
        <property name="hibernate.show_sql">true</property>
    
        <!--Names the annotated entity class -->
        <mapping class="Entities.Login" />
        <mapping class="Entities.Driver"/>
        <mapping class="Entities.GeographicalTest"/>
        <mapping class="Entities.TrainingTypes"/>
        <mapping class="Entities.DrivingLicense"/>
        <mapping class="Entities.Disciplinary"/>
        <mapping class="Entities.Log"/>
        <mapping class="Entities.ScheduleSession"/>
        <mapping class="Entities.AssignDrivers"/>

    </session-factory>
</hibernate-configuration>
